"Country or Area","Commodity - Transaction","Year","Unit","Quantity","Quantity Footnotes"
"American Samoa","Electricity - total solar production","2014","Kilowatt-hours, million","1.1","1"
"American Samoa","Electricity - total solar production","2013","Kilowatt-hours, million","1.1","1"
"American Samoa","Electricity - total solar production","2012","Kilowatt-hours, million","1.1",""
"Argentina","Electricity - total solar production","2014","Kilowatt-hours, million","16",""
"Argentina","Electricity - total solar production","2013","Kilowatt-hours, million","15",""
"Argentina","Electricity - total solar production","2012","Kilowatt-hours, million","8",""
"Argentina","Electricity - total solar production","2011","Kilowatt-hours, million","2",""
"Argentina","Electricity - total solar production","2010","Kilowatt-hours, million","0.09",""
"Argentina","Electricity - total solar production","2009","Kilowatt-hours, million","0.08",""
"Australia","Electricity - total solar production","2014","Kilowatt-hours, million","4858",""
"Australia","Electricity - total solar production","2013","Kilowatt-hours, million","3826",""
"Australia","Electricity - total solar production","2012","Kilowatt-hours, million","2559",""
"Australia","Electricity - total solar production","2011","Kilowatt-hours, million","1530",""
"Australia","Electricity - total solar production","2010","Kilowatt-hours, million","426",""
"Australia","Electricity - total solar production","2009","Kilowatt-hours, million","160",""
"Australia","Electricity - total solar production","2008","Kilowatt-hours, million","127",""
"Australia","Electricity - total solar production","2007","Kilowatt-hours, million","109",""
"Australia","Electricity - total solar production","2006","Kilowatt-hours, million","91",""
"Australia","Electricity - total solar production","2005","Kilowatt-hours, million","79",""
"Australia","Electricity - total solar production","2004","Kilowatt-hours, million","69",""
"Australia","Electricity - total solar production","2003","Kilowatt-hours, million","59",""
"Australia","Electricity - total solar production","2002","Kilowatt-hours, million","50",""
"Australia","Electricity - total solar production","2001","Kilowatt-hours, million","44",""
"Australia","Electricity - total solar production","2000","Kilowatt-hours, million","38",""
"Australia","Electricity - total solar production","1999","Kilowatt-hours, million","34",""
"Australia","Electricity - total solar production","1998","Kilowatt-hours, million","28",""
"Australia","Electricity - total solar production","1997","Kilowatt-hours, million","23",""
"Australia","Electricity - total solar production","1996","Kilowatt-hours, million","19",""
"Australia","Electricity - total solar production","1995","Kilowatt-hours, million","16",""
"Australia","Electricity - total solar production","1994","Kilowatt-hours, million","13",""
"Australia","Electricity - total solar production","1993","Kilowatt-hours, million","11",""
"Austria","Electricity - total solar production","2014","Kilowatt-hours, million","785",""
"Austria","Electricity - total solar production","2013","Kilowatt-hours, million","582",""
"Austria","Electricity - total solar production","2012","Kilowatt-hours, million","337",""
"Austria","Electricity - total solar production","2011","Kilowatt-hours, million","174",""
"Austria","Electricity - total solar production","2010","Kilowatt-hours, million","89",""
"Austria","Electricity - total solar production","2009","Kilowatt-hours, million","49",""
"Austria","Electricity - total solar production","2008","Kilowatt-hours, million","30",""
"Austria","Electricity - total solar production","2007","Kilowatt-hours, million","24",""
"Austria","Electricity - total solar production","2006","Kilowatt-hours, million","22",""
"Austria","Electricity - total solar production","2005","Kilowatt-hours, million","21",""
"Austria","Electricity - total solar production","2004","Kilowatt-hours, million","18",""
"Austria","Electricity - total solar production","2003","Kilowatt-hours, million","15",""
"Austria","Electricity - total solar production","2002","Kilowatt-hours, million","9",""
"Austria","Electricity - total solar production","2001","Kilowatt-hours, million","5",""
"Austria","Electricity - total solar production","2000","Kilowatt-hours, million","3",""
"Austria","Electricity - total solar production","1999","Kilowatt-hours, million","2",""
"Austria","Electricity - total solar production","1998","Kilowatt-hours, million","2",""
"Austria","Electricity - total solar production","1997","Kilowatt-hours, million","2",""
"Austria","Electricity - total solar production","1996","Kilowatt-hours, million","1",""
"Austria","Electricity - total solar production","1995","Kilowatt-hours, million","1",""
"Austria","Electricity - total solar production","1994","Kilowatt-hours, million","1",""
"Austria","Electricity - total solar production","1993","Kilowatt-hours, million","1",""
"Azerbaijan","Electricity - total solar production","2014","Kilowatt-hours, million","3",""
"Azerbaijan","Electricity - total solar production","2013","Kilowatt-hours, million","1",""
"Bangladesh","Electricity - total solar production","2014","Kilowatt-hours, million","145",""
"Bangladesh","Electricity - total solar production","2013","Kilowatt-hours, million","145",""
"Belarus","Electricity - total solar production","2014","Kilowatt-hours, million","1",""
"Belgium","Electricity - total solar production","2014","Kilowatt-hours, million","2883",""
"Belgium","Electricity - total solar production","2013","Kilowatt-hours, million","2644",""
"Belgium","Electricity - total solar production","2012","Kilowatt-hours, million","2148",""
"Belgium","Electricity - total solar production","2011","Kilowatt-hours, million","1169",""
"Belgium","Electricity - total solar production","2010","Kilowatt-hours, million","560",""
"Belgium","Electricity - total solar production","2009","Kilowatt-hours, million","166",""
"Belgium","Electricity - total solar production","2008","Kilowatt-hours, million","42",""
"Belgium","Electricity - total solar production","2007","Kilowatt-hours, million","6",""
"Belgium","Electricity - total solar production","2006","Kilowatt-hours, million","2",""
"Belgium","Electricity - total solar production","2005","Kilowatt-hours, million","1",""
"Belgium","Electricity - total solar production","2004","Kilowatt-hours, million","1",""
"Bolivia (Plur. State of)","Electricity - total solar production","2014","Kilowatt-hours, million","6",""
"Bolivia (Plur. State of)","Electricity - total solar production","2013","Kilowatt-hours, million","3",""
"Bolivia (Plur. State of)","Electricity - total solar production","2012","Kilowatt-hours, million","3",""
"Bolivia (Plur. State of)","Electricity - total solar production","2011","Kilowatt-hours, million","3",""
"Bolivia (Plur. State of)","Electricity - total solar production","2010","Kilowatt-hours, million","3",""
"Bolivia (Plur. State of)","Electricity - total solar production","2009","Kilowatt-hours, million","2",""
"Bolivia (Plur. State of)","Electricity - total solar production","2008","Kilowatt-hours, million","1",""
"Botswana","Electricity - total solar production","2014","Kilowatt-hours, million","2","1"
"Botswana","Electricity - total solar production","2013","Kilowatt-hours, million","1.3",""
"Botswana","Electricity - total solar production","2012","Kilowatt-hours, million","1.3",""
"Brazil","Electricity - total solar production","2014","Kilowatt-hours, million","16",""
"Brazil","Electricity - total solar production","2013","Kilowatt-hours, million","7",""
"Brunei Darussalam","Electricity - total solar production","2014","Kilowatt-hours, million","2",""
"Brunei Darussalam","Electricity - total solar production","2013","Kilowatt-hours, million","2",""
"Brunei Darussalam","Electricity - total solar production","2012","Kilowatt-hours, million","2",""
"Brunei Darussalam","Electricity - total solar production","2011","Kilowatt-hours, million","2",""
"Bulgaria","Electricity - total solar production","2014","Kilowatt-hours, million","1252",""
"Bulgaria","Electricity - total solar production","2013","Kilowatt-hours, million","1361",""
"Bulgaria","Electricity - total solar production","2012","Kilowatt-hours, million","814",""
"Bulgaria","Electricity - total solar production","2011","Kilowatt-hours, million","101",""
"Bulgaria","Electricity - total solar production","2010","Kilowatt-hours, million","15",""
"Bulgaria","Electricity - total solar production","2009","Kilowatt-hours, million","3",""
"Cabo Verde","Electricity - total solar production","2014","Kilowatt-hours, million","5.02",""
"Cabo Verde","Electricity - total solar production","2013","Kilowatt-hours, million","7.28",""
"Cabo Verde","Electricity - total solar production","2012","Kilowatt-hours, million","7.49",""
"Cabo Verde","Electricity - total solar production","2011","Kilowatt-hours, million","8.96",""
"Cabo Verde","Electricity - total solar production","2010","Kilowatt-hours, million","2.11",""
"Cabo Verde","Electricity - total solar production","2009","Kilowatt-hours, million","0",""
"Cabo Verde","Electricity - total solar production","2008","Kilowatt-hours, million","0",""
"Cabo Verde","Electricity - total solar production","2007","Kilowatt-hours, million","0",""
"Cambodia","Electricity - total solar production","2014","Kilowatt-hours, million","3",""
"Cambodia","Electricity - total solar production","2013","Kilowatt-hours, million","3",""
"Cambodia","Electricity - total solar production","2012","Kilowatt-hours, million","3",""
"Cambodia","Electricity - total solar production","2011","Kilowatt-hours, million","3",""
"Cambodia","Electricity - total solar production","2010","Kilowatt-hours, million","3",""
"Cambodia","Electricity - total solar production","2009","Kilowatt-hours, million","2",""
"Cambodia","Electricity - total solar production","2008","Kilowatt-hours, million","2",""
"Cambodia","Electricity - total solar production","2007","Kilowatt-hours, million","2",""
"Cambodia","Electricity - total solar production","2006","Kilowatt-hours, million","2",""
"Cambodia","Electricity - total solar production","2005","Kilowatt-hours, million","1",""
"Canada","Electricity - total solar production","2014","Kilowatt-hours, million","1756",""
"Canada","Electricity - total solar production","2013","Kilowatt-hours, million","1499",""
"Canada","Electricity - total solar production","2012","Kilowatt-hours, million","319",""
"Canada","Electricity - total solar production","2011","Kilowatt-hours, million","260",""
"Canada","Electricity - total solar production","2010","Kilowatt-hours, million","117",""
"Canada","Electricity - total solar production","2009","Kilowatt-hours, million","5",""
"Canada","Electricity - total solar production","2008","Kilowatt-hours, million","35",""
"Canada","Electricity - total solar production","2007","Kilowatt-hours, million","26",""
"Canada","Electricity - total solar production","2006","Kilowatt-hours, million","21",""
"Canada","Electricity - total solar production","2005","Kilowatt-hours, million","17",""
"Canada","Electricity - total solar production","2004","Kilowatt-hours, million","13",""
"Canada","Electricity - total solar production","2003","Kilowatt-hours, million","23",""
"Canada","Electricity - total solar production","2002","Kilowatt-hours, million","22",""
"Canada","Electricity - total solar production","2001","Kilowatt-hours, million","19",""
"Canada","Electricity - total solar production","2000","Kilowatt-hours, million","16",""
"Canada","Electricity - total solar production","1999","Kilowatt-hours, million","13",""
"Canada","Electricity - total solar production","1998","Kilowatt-hours, million","10",""
"Canada","Electricity - total solar production","1997","Kilowatt-hours, million","7",""
"Canada","Electricity - total solar production","1996","Kilowatt-hours, million","6",""
"Canada","Electricity - total solar production","1995","Kilowatt-hours, million","4",""
"Canada","Electricity - total solar production","1994","Kilowatt-hours, million","3",""
"Canada","Electricity - total solar production","1993","Kilowatt-hours, million","3",""
"Canada","Electricity - total solar production","1992","Kilowatt-hours, million","2",""
"Chile","Electricity - total solar production","2014","Kilowatt-hours, million","489",""
"Chile","Electricity - total solar production","2013","Kilowatt-hours, million","8",""
"Chile","Electricity - total solar production","2012","Kilowatt-hours, million","0",""
"Chile","Electricity - total solar production","2011","Kilowatt-hours, million","0",""
"China","Electricity - total solar production","2014","Kilowatt-hours, million","15189",""
"China","Electricity - total solar production","2013","Kilowatt-hours, million","5564",""
"Costa Rica","Electricity - total solar production","2014","Kilowatt-hours, million","3",""
"Costa Rica","Electricity - total solar production","2013","Kilowatt-hours, million","3",""
"Costa Rica","Electricity - total solar production","2012","Kilowatt-hours, million","1.29722222222222",""
"Costa Rica","Electricity - total solar production","2011","Kilowatt-hours, million","0.480555555555556",""
"Costa Rica","Electricity - total solar production","2010","Kilowatt-hours, million","0.258333",""
"Costa Rica","Electricity - total solar production","2009","Kilowatt-hours, million","0.177777777777778",""
"Costa Rica","Electricity - total solar production","2008","Kilowatt-hours, million","0.177777777777778",""
"Costa Rica","Electricity - total solar production","2007","Kilowatt-hours, million","0.177777777777778",""
"Costa Rica","Electricity - total solar production","2006","Kilowatt-hours, million","0.177777777777778",""
"Costa Rica","Electricity - total solar production","2005","Kilowatt-hours, million","0.172222222222222",""
"Costa Rica","Electricity - total solar production","1997","Kilowatt-hours, million","76",""
"Costa Rica","Electricity - total solar production","1996","Kilowatt-hours, million","23",""
"Costa Rica","Electricity - total solar production","1995","Kilowatt-hours, million","23","1"
"Croatia","Electricity - total solar production","2014","Kilowatt-hours, million","35",""
"Croatia","Electricity - total solar production","2013","Kilowatt-hours, million","11",""
"Croatia","Electricity - total solar production","2012","Kilowatt-hours, million","2",""
"Croatia","Electricity - total solar production","2011","Kilowatt-hours, million","0",""
"Croatia","Electricity - total solar production","2010","Kilowatt-hours, million","0",""
"Croatia","Electricity - total solar production","2009","Kilowatt-hours, million","0",""
"Croatia","Electricity - total solar production","2008","Kilowatt-hours, million","0",""
"Croatia","Electricity - total solar production","2007","Kilowatt-hours, million","0",""
"Cyprus","Electricity - total solar production","2014","Kilowatt-hours, million","84",""
"Cyprus","Electricity - total solar production","2013","Kilowatt-hours, million","47",""
"Cyprus","Electricity - total solar production","2012","Kilowatt-hours, million","22",""
"Cyprus","Electricity - total solar production","2011","Kilowatt-hours, million","12",""
"Cyprus","Electricity - total solar production","2010","Kilowatt-hours, million","7",""
"Cyprus","Electricity - total solar production","2009","Kilowatt-hours, million","4",""
"Cyprus","Electricity - total solar production","2008","Kilowatt-hours, million","3",""
"Cyprus","Electricity - total solar production","2007","Kilowatt-hours, million","2",""
"Cyprus","Electricity - total solar production","2006","Kilowatt-hours, million","1",""
"Cyprus","Electricity - total solar production","2005","Kilowatt-hours, million","1",""
"Czechia","Electricity - total solar production","2014","Kilowatt-hours, million","2123",""
"Czechia","Electricity - total solar production","2013","Kilowatt-hours, million","2033",""
"Czechia","Electricity - total solar production","2012","Kilowatt-hours, million","2149",""
"Czechia","Electricity - total solar production","2011","Kilowatt-hours, million","2182",""
"Czechia","Electricity - total solar production","2010","Kilowatt-hours, million","616",""
"Czechia","Electricity - total solar production","2009","Kilowatt-hours, million","89",""
"Czechia","Electricity - total solar production","2008","Kilowatt-hours, million","13",""
"Czechia","Electricity - total solar production","2007","Kilowatt-hours, million","2",""
"Czechia","Electricity - total solar production","2006","Kilowatt-hours, million","1",""
"Denmark","Electricity - total solar production","2014","Kilowatt-hours, million","596",""
"Denmark","Electricity - total solar production","2013","Kilowatt-hours, million","518",""
"Denmark","Electricity - total solar production","2012","Kilowatt-hours, million","104",""
"Denmark","Electricity - total solar production","2011","Kilowatt-hours, million","15",""
"Denmark","Electricity - total solar production","2010","Kilowatt-hours, million","6",""
"Denmark","Electricity - total solar production","2009","Kilowatt-hours, million","4",""
"Denmark","Electricity - total solar production","2008","Kilowatt-hours, million","3",""
"Denmark","Electricity - total solar production","2007","Kilowatt-hours, million","2",""
"Denmark","Electricity - total solar production","2006","Kilowatt-hours, million","2",""
"Denmark","Electricity - total solar production","2005","Kilowatt-hours, million","2",""
"Denmark","Electricity - total solar production","2004","Kilowatt-hours, million","2",""
"Denmark","Electricity - total solar production","2003","Kilowatt-hours, million","2",""
"Denmark","Electricity - total solar production","2002","Kilowatt-hours, million","1",""
"Denmark","Electricity - total solar production","2001","Kilowatt-hours, million","1",""
"Denmark","Electricity - total solar production","2000","Kilowatt-hours, million","1",""
"Denmark","Electricity - total solar production","1999","Kilowatt-hours, million","1",""
"Ecuador","Electricity - total solar production","2014","Kilowatt-hours, million","16.5",""
"Ecuador","Electricity - total solar production","2013","Kilowatt-hours, million","3.7",""
"Ecuador","Electricity - total solar production","2012","Kilowatt-hours, million","0.3",""
"Ecuador","Electricity - total solar production","2011","Kilowatt-hours, million","0.1",""
"Egypt","Electricity - total solar production","2014","Kilowatt-hours, million","247",""
"Egypt","Electricity - total solar production","2013","Kilowatt-hours, million","114",""
"Egypt","Electricity - total solar production","2012","Kilowatt-hours, million","237",""
"Egypt","Electricity - total solar production","2011","Kilowatt-hours, million","479",""
"Egypt","Electricity - total solar production","2010","Kilowatt-hours, million","206",""
"Eritrea","Electricity - total solar production","2014","Kilowatt-hours, million","2",""
"Eritrea","Electricity - total solar production","2013","Kilowatt-hours, million","2",""
"Eritrea","Electricity - total solar production","2012","Kilowatt-hours, million","2",""
"Eritrea","Electricity - total solar production","2011","Kilowatt-hours, million","2",""
"Eritrea","Electricity - total solar production","2010","Kilowatt-hours, million","2",""
"Eritrea","Electricity - total solar production","2009","Kilowatt-hours, million","2",""
"Eritrea","Electricity - total solar production","2008","Kilowatt-hours, million","2",""
"Eritrea","Electricity - total solar production","2007","Kilowatt-hours, million","2",""
"Eritrea","Electricity - total solar production","2006","Kilowatt-hours, million","2",""
"Eritrea","Electricity - total solar production","2005","Kilowatt-hours, million","1",""
"Eritrea","Electricity - total solar production","2004","Kilowatt-hours, million","1",""
"Eritrea","Electricity - total solar production","2003","Kilowatt-hours, million","1",""
"Eritrea","Electricity - total solar production","2002","Kilowatt-hours, million","1",""
"Eritrea","Electricity - total solar production","2001","Kilowatt-hours, million","1",""
"Eritrea","Electricity - total solar production","2000","Kilowatt-hours, million","1",""
"Eritrea","Electricity - total solar production","1999","Kilowatt-hours, million","1",""
"Eritrea","Electricity - total solar production","1998","Kilowatt-hours, million","1",""
"Eritrea","Electricity - total solar production","1997","Kilowatt-hours, million","1",""
"Finland","Electricity - total solar production","2014","Kilowatt-hours, million","8",""
"Finland","Electricity - total solar production","2013","Kilowatt-hours, million","12",""
"Finland","Electricity - total solar production","2012","Kilowatt-hours, million","11",""
"Finland","Electricity - total solar production","2011","Kilowatt-hours, million","10",""
"Finland","Electricity - total solar production","2010","Kilowatt-hours, million","10",""
"Finland","Electricity - total solar production","2009","Kilowatt-hours, million","4",""
"Finland","Electricity - total solar production","2008","Kilowatt-hours, million","4",""
"Finland","Electricity - total solar production","2007","Kilowatt-hours, million","4",""
"Finland","Electricity - total solar production","2006","Kilowatt-hours, million","3",""
"Finland","Electricity - total solar production","2005","Kilowatt-hours, million","3",""
"Finland","Electricity - total solar production","2004","Kilowatt-hours, million","2",""
"Finland","Electricity - total solar production","2003","Kilowatt-hours, million","2",""
"Finland","Electricity - total solar production","2002","Kilowatt-hours, million","2",""
"Finland","Electricity - total solar production","2001","Kilowatt-hours, million","2",""
"Finland","Electricity - total solar production","2000","Kilowatt-hours, million","2",""
"Finland","Electricity - total solar production","1999","Kilowatt-hours, million","1",""
"Finland","Electricity - total solar production","1998","Kilowatt-hours, million","1",""
"Finland","Electricity - total solar production","1997","Kilowatt-hours, million","1",""
"Finland","Electricity - total solar production","1996","Kilowatt-hours, million","1",""
"Finland","Electricity - total solar production","1995","Kilowatt-hours, million","1",""
"Finland","Electricity - total solar production","1994","Kilowatt-hours, million","1",""
"Finland","Electricity - total solar production","1993","Kilowatt-hours, million","1",""
"Finland","Electricity - total solar production","1992","Kilowatt-hours, million","1",""
"Finland","Electricity - total solar production","1991","Kilowatt-hours, million","1",""
"France","Electricity - total solar production","2014","Kilowatt-hours, million","5909",""
"France","Electricity - total solar production","2013","Kilowatt-hours, million","4735",""
"France","Electricity - total solar production","2012","Kilowatt-hours, million","4016",""
"France","Electricity - total solar production","2011","Kilowatt-hours, million","2078",""
"France","Electricity - total solar production","2010","Kilowatt-hours, million","620",""
"France","Electricity - total solar production","2009","Kilowatt-hours, million","174",""
"France","Electricity - total solar production","2008","Kilowatt-hours, million","42",""
"France","Electricity - total solar production","2007","Kilowatt-hours, million","27",""
"France","Electricity - total solar production","2006","Kilowatt-hours, million","16",""
"France","Electricity - total solar production","2005","Kilowatt-hours, million","13",""
"France","Electricity - total solar production","2004","Kilowatt-hours, million","9",""
"France","Electricity - total solar production","2003","Kilowatt-hours, million","8",""
"France","Electricity - total solar production","2002","Kilowatt-hours, million","7",""
"France","Electricity - total solar production","2001","Kilowatt-hours, million","6",""
"France","Electricity - total solar production","2000","Kilowatt-hours, million","5",""
"France","Electricity - total solar production","1999","Kilowatt-hours, million","2",""
"France","Electricity - total solar production","1998","Kilowatt-hours, million","2",""
"France","Electricity - total solar production","1997","Kilowatt-hours, million","2",""
"France","Electricity - total solar production","1996","Kilowatt-hours, million","1",""
"France","Electricity - total solar production","1995","Kilowatt-hours, million","1",""
"France","Electricity - total solar production","1994","Kilowatt-hours, million","1",""
"French Guiana","Electricity - total solar production","2014","Kilowatt-hours, million","51",""
"French Guiana","Electricity - total solar production","2013","Kilowatt-hours, million","44",""
"French Guiana","Electricity - total solar production","2012","Kilowatt-hours, million","52",""
"French Guiana","Electricity - total solar production","2011","Kilowatt-hours, million","31",""
"French Guiana","Electricity - total solar production","2010","Kilowatt-hours, million","1",""
"French Polynesia","Electricity - total solar production","2014","Kilowatt-hours, million","10","1"
"French Polynesia","Electricity - total solar production","2013","Kilowatt-hours, million","7","1"
"French Polynesia","Electricity - total solar production","2012","Kilowatt-hours, million","6","1"
"French Polynesia","Electricity - total solar production","2011","Kilowatt-hours, million","3.367","1"
"French Polynesia","Electricity - total solar production","2010","Kilowatt-hours, million","3.4","1"
"French Polynesia","Electricity - total solar production","2009","Kilowatt-hours, million","3.404",""
"French Polynesia","Electricity - total solar production","2008","Kilowatt-hours, million","3.13",""
"Gabon","Electricity - total solar production","2014","Kilowatt-hours, million","2",""
"Gabon","Electricity - total solar production","2013","Kilowatt-hours, million","2",""
"Gabon","Electricity - total solar production","2012","Kilowatt-hours, million","3",""
"Germany","Electricity - total solar production","2014","Kilowatt-hours, million","36056",""
"Germany","Electricity - total solar production","2013","Kilowatt-hours, million","31010",""
"Germany","Electricity - total solar production","2012","Kilowatt-hours, million","26380",""
"Germany","Electricity - total solar production","2011","Kilowatt-hours, million","19599",""
"Germany","Electricity - total solar production","2010","Kilowatt-hours, million","11729",""
"Germany","Electricity - total solar production","2009","Kilowatt-hours, million","6584",""
"Germany","Electricity - total solar production","2008","Kilowatt-hours, million","4420",""
"Germany","Electricity - total solar production","2007","Kilowatt-hours, million","3075",""
"Germany","Electricity - total solar production","2006","Kilowatt-hours, million","2220",""
"Germany","Electricity - total solar production","2005","Kilowatt-hours, million","1282",""
"Germany","Electricity - total solar production","2004","Kilowatt-hours, million","557",""
"Germany","Electricity - total solar production","2003","Kilowatt-hours, million","313",""
"Germany","Electricity - total solar production","2002","Kilowatt-hours, million","188",""
"Germany","Electricity - total solar production","2001","Kilowatt-hours, million","116",""
"Germany","Electricity - total solar production","2000","Kilowatt-hours, million","60",""
"Germany","Electricity - total solar production","1999","Kilowatt-hours, million","30",""
"Germany","Electricity - total solar production","1998","Kilowatt-hours, million","35",""
"Germany","Electricity - total solar production","1997","Kilowatt-hours, million","18",""
"Germany","Electricity - total solar production","1996","Kilowatt-hours, million","12",""
"Germany","Electricity - total solar production","1995","Kilowatt-hours, million","7",""
"Germany","Electricity - total solar production","1994","Kilowatt-hours, million","7",""
"Germany","Electricity - total solar production","1993","Kilowatt-hours, million","3",""
"Germany","Electricity - total solar production","1992","Kilowatt-hours, million","4",""
"Germany","Electricity - total solar production","1991","Kilowatt-hours, million","1",""
"Greece","Electricity - total solar production","2014","Kilowatt-hours, million","3792",""
"Greece","Electricity - total solar production","2013","Kilowatt-hours, million","3648",""
"Greece","Electricity - total solar production","2012","Kilowatt-hours, million","1694",""
"Greece","Electricity - total solar production","2011","Kilowatt-hours, million","610",""
"Greece","Electricity - total solar production","2010","Kilowatt-hours, million","158",""
"Greece","Electricity - total solar production","2009","Kilowatt-hours, million","50",""
"Greece","Electricity - total solar production","2008","Kilowatt-hours, million","5",""
"Greece","Electricity - total solar production","2007","Kilowatt-hours, million","1",""
"Greece","Electricity - total solar production","2006","Kilowatt-hours, million","1",""
"Greece","Electricity - total solar production","2005","Kilowatt-hours, million","1",""
"Greece","Electricity - total solar production","2004","Kilowatt-hours, million","1",""
"Guadeloupe","Electricity - total solar production","2014","Kilowatt-hours, million","95",""
"Guadeloupe","Electricity - total solar production","2013","Kilowatt-hours, million","99",""
"Guadeloupe","Electricity - total solar production","2012","Kilowatt-hours, million","91",""
"Guadeloupe","Electricity - total solar production","2011","Kilowatt-hours, million","94","1"
"Guadeloupe","Electricity - total solar production","2010","Kilowatt-hours, million","55","1"
"Guadeloupe","Electricity - total solar production","2009","Kilowatt-hours, million","40","1"
"Guadeloupe","Electricity - total solar production","2008","Kilowatt-hours, million","3","1"
"Guadeloupe","Electricity - total solar production","2007","Kilowatt-hours, million","3","1"
"Guadeloupe","Electricity - total solar production","2006","Kilowatt-hours, million","3","1"
"Guadeloupe","Electricity - total solar production","2005","Kilowatt-hours, million","3","1"
"Guatemala","Electricity - total solar production","2014","Kilowatt-hours, million","7",""
"Hungary","Electricity - total solar production","2014","Kilowatt-hours, million","56",""
"Hungary","Electricity - total solar production","2013","Kilowatt-hours, million","25",""
"Hungary","Electricity - total solar production","2012","Kilowatt-hours, million","8",""
"Hungary","Electricity - total solar production","2011","Kilowatt-hours, million","1",""
"Hungary","Electricity - total solar production","2010","Kilowatt-hours, million","1",""
"Hungary","Electricity - total solar production","2009","Kilowatt-hours, million","1",""
"Hungary","Electricity - total solar production","2008","Kilowatt-hours, million","1",""
"India","Electricity - total solar production","2014","Kilowatt-hours, million","5020",""
"India","Electricity - total solar production","2013","Kilowatt-hours, million","3433",""
"Indonesia","Electricity - total solar production","2014","Kilowatt-hours, million","6.8",""
"Indonesia","Electricity - total solar production","2013","Kilowatt-hours, million","5.5",""
"Indonesia","Electricity - total solar production","2012","Kilowatt-hours, million","2.9",""
"Indonesia","Electricity - total solar production","2011","Kilowatt-hours, million","1",""
"Indonesia","Electricity - total solar production","2010","Kilowatt-hours, million","0.5",""
"Iran (Islamic Rep. of)","Electricity - total solar production","2013","Kilowatt-hours, million","0.07",""
"Iran (Islamic Rep. of)","Electricity - total solar production","2012","Kilowatt-hours, million","0.06",""
"Iran (Islamic Rep. of)","Electricity - total solar production","2011","Kilowatt-hours, million","0.05",""
"Iran (Islamic Rep. of)","Electricity - total solar production","2010","Kilowatt-hours, million","0.09",""
"Iran (Islamic Rep. of)","Electricity - total solar production","2009","Kilowatt-hours, million","0.07",""
"Iran (Islamic Rep. of)","Electricity - total solar production","2008","Kilowatt-hours, million","0.08",""
"Iran (Islamic Rep. of)","Electricity - total solar production","2007","Kilowatt-hours, million","0.07",""
"Iran (Islamic Rep. of)","Electricity - total solar production","2006","Kilowatt-hours, million","0.08",""
"Iran (Islamic Rep. of)","Electricity - total solar production","2005","Kilowatt-hours, million","0.05",""
"Ireland","Electricity - total solar production","2014","Kilowatt-hours, million","1",""
"Ireland","Electricity - total solar production","2013","Kilowatt-hours, million","1",""
"Ireland","Electricity - total solar production","2012","Kilowatt-hours, million","1",""
"Ireland","Electricity - total solar production","2011","Kilowatt-hours, million","1",""
"Israel","Electricity - total solar production","2014","Kilowatt-hours, million","840",""
"Israel","Electricity - total solar production","2013","Kilowatt-hours, million","494",""
"Israel","Electricity - total solar production","2012","Kilowatt-hours, million","369",""
"Israel","Electricity - total solar production","2011","Kilowatt-hours, million","192",""
"Israel","Electricity - total solar production","2010","Kilowatt-hours, million","70",""
"Israel","Electricity - total solar production","2009","Kilowatt-hours, million","24",""
"Italy","Electricity - total solar production","2014","Kilowatt-hours, million","22306",""
"Italy","Electricity - total solar production","2013","Kilowatt-hours, million","21589",""
"Italy","Electricity - total solar production","2012","Kilowatt-hours, million","18862",""
"Italy","Electricity - total solar production","2011","Kilowatt-hours, million","10796",""
"Italy","Electricity - total solar production","2010","Kilowatt-hours, million","1906",""
"Italy","Electricity - total solar production","2009","Kilowatt-hours, million","676",""
"Italy","Electricity - total solar production","2008","Kilowatt-hours, million","193",""
"Italy","Electricity - total solar production","2007","Kilowatt-hours, million","38",""
"Italy","Electricity - total solar production","2006","Kilowatt-hours, million","35",""
"Italy","Electricity - total solar production","2005","Kilowatt-hours, million","31",""
"Italy","Electricity - total solar production","2004","Kilowatt-hours, million","29",""
"Italy","Electricity - total solar production","2003","Kilowatt-hours, million","24",""
"Italy","Electricity - total solar production","2002","Kilowatt-hours, million","21",""
"Italy","Electricity - total solar production","2001","Kilowatt-hours, million","19",""
"Italy","Electricity - total solar production","2000","Kilowatt-hours, million","18",""
"Italy","Electricity - total solar production","1999","Kilowatt-hours, million","17",""
"Italy","Electricity - total solar production","1998","Kilowatt-hours, million","16",""
"Italy","Electricity - total solar production","1997","Kilowatt-hours, million","15",""
"Italy","Electricity - total solar production","1996","Kilowatt-hours, million","14",""
"Italy","Electricity - total solar production","1995","Kilowatt-hours, million","13",""
"Italy","Electricity - total solar production","1994","Kilowatt-hours, million","11",""
"Italy","Electricity - total solar production","1993","Kilowatt-hours, million","11",""
"Italy","Electricity - total solar production","1992","Kilowatt-hours, million","9",""
"Italy","Electricity - total solar production","1991","Kilowatt-hours, million","5",""
"Italy","Electricity - total solar production","1990","Kilowatt-hours, million","4",""
"Japan","Electricity - total solar production","2014","Kilowatt-hours, million","24506",""
"Japan","Electricity - total solar production","2013","Kilowatt-hours, million","14279",""
"Japan","Electricity - total solar production","2012","Kilowatt-hours, million","6963",""
"Japan","Electricity - total solar production","2011","Kilowatt-hours, million","5160",""
"Japan","Electricity - total solar production","2010","Kilowatt-hours, million","3800",""
"Japan","Electricity - total solar production","2009","Kilowatt-hours, million","2758",""
"Japan","Electricity - total solar production","2008","Kilowatt-hours, million","2251",""
"Japan","Electricity - total solar production","2007","Kilowatt-hours, million","2015",""
"Japan","Electricity - total solar production","2006","Kilowatt-hours, million","1794",""
"Japan","Electricity - total solar production","2005","Kilowatt-hours, million","1493",""
"Japan","Electricity - total solar production","2004","Kilowatt-hours, million","1189",""
"Japan","Electricity - total solar production","2003","Kilowatt-hours, million","903",""
"Japan","Electricity - total solar production","2002","Kilowatt-hours, million","669",""
"Japan","Electricity - total solar production","2001","Kilowatt-hours, million","475",""
"Japan","Electricity - total solar production","2000","Kilowatt-hours, million","347",""
"Japan","Electricity - total solar production","1999","Kilowatt-hours, million","219",""
"Japan","Electricity - total solar production","1998","Kilowatt-hours, million","140",""
"Japan","Electricity - total solar production","1997","Kilowatt-hours, million","96",""
"Japan","Electricity - total solar production","1996","Kilowatt-hours, million","63",""
"Japan","Electricity - total solar production","1995","Kilowatt-hours, million","46",""
"Japan","Electricity - total solar production","1994","Kilowatt-hours, million","33",""
"Japan","Electricity - total solar production","1993","Kilowatt-hours, million","25",""
"Japan","Electricity - total solar production","1992","Kilowatt-hours, million","20",""
"Japan","Electricity - total solar production","1991","Kilowatt-hours, million","1",""
"Japan","Electricity - total solar production","1990","Kilowatt-hours, million","1",""
"Kazakhstan","Electricity - total solar production","2014","Kilowatt-hours, million","1",""
"Kazakhstan","Electricity - total solar production","2013","Kilowatt-hours, million","1",""
"Korea, Republic of","Electricity - total solar production","2014","Kilowatt-hours, million","2557",""
"Korea, Republic of","Electricity - total solar production","2013","Kilowatt-hours, million","1605",""
"Korea, Republic of","Electricity - total solar production","2012","Kilowatt-hours, million","1103",""
"Korea, Republic of","Electricity - total solar production","2011","Kilowatt-hours, million","917",""
"Korea, Republic of","Electricity - total solar production","2010","Kilowatt-hours, million","772",""
"Korea, Republic of","Electricity - total solar production","2009","Kilowatt-hours, million","566",""
"Korea, Republic of","Electricity - total solar production","2008","Kilowatt-hours, million","285",""
"Korea, Republic of","Electricity - total solar production","2007","Kilowatt-hours, million","70",""
"Korea, Republic of","Electricity - total solar production","2006","Kilowatt-hours, million","31",""
"Korea, Republic of","Electricity - total solar production","2005","Kilowatt-hours, million","15",""
"Korea, Republic of","Electricity - total solar production","2004","Kilowatt-hours, million","10",""
"Korea, Republic of","Electricity - total solar production","2003","Kilowatt-hours, million","8",""
"Korea, Republic of","Electricity - total solar production","2002","Kilowatt-hours, million","7",""
"Korea, Republic of","Electricity - total solar production","2001","Kilowatt-hours, million","6",""
"Korea, Republic of","Electricity - total solar production","2000","Kilowatt-hours, million","5",""
"Korea, Republic of","Electricity - total solar production","1999","Kilowatt-hours, million","5",""
"Korea, Republic of","Electricity - total solar production","1998","Kilowatt-hours, million","4",""
"Korea, Republic of","Electricity - total solar production","1997","Kilowatt-hours, million","3",""
"Korea, Republic of","Electricity - total solar production","1996","Kilowatt-hours, million","3",""
"Korea, Republic of","Electricity - total solar production","1995","Kilowatt-hours, million","2",""
"Korea, Republic of","Electricity - total solar production","1994","Kilowatt-hours, million","2",""
"Korea, Republic of","Electricity - total solar production","1993","Kilowatt-hours, million","2",""
"Korea, Republic of","Electricity - total solar production","1992","Kilowatt-hours, million","2",""
"Korea, Republic of","Electricity - total solar production","1991","Kilowatt-hours, million","1",""
"Korea, Republic of","Electricity - total solar production","1990","Kilowatt-hours, million","1",""
"Lao People's Dem. Rep.","Electricity - total solar production","2014","Kilowatt-hours, million","195","1"
"Lao People's Dem. Rep.","Electricity - total solar production","2013","Kilowatt-hours, million","195","1"
"Lao People's Dem. Rep.","Electricity - total solar production","2012","Kilowatt-hours, million","193.3","1"
"Lao People's Dem. Rep.","Electricity - total solar production","2011","Kilowatt-hours, million","193.3","1"
"Lao People's Dem. Rep.","Electricity - total solar production","2010","Kilowatt-hours, million","193.3","1"
"Lao People's Dem. Rep.","Electricity - total solar production","2009","Kilowatt-hours, million","193.3","1"
"Lao People's Dem. Rep.","Electricity - total solar production","2008","Kilowatt-hours, million","193.3","1"
"Lao People's Dem. Rep.","Electricity - total solar production","2007","Kilowatt-hours, million","193.3","1"
"Lao People's Dem. Rep.","Electricity - total solar production","2006","Kilowatt-hours, million","193.3","1"
"Lao People's Dem. Rep.","Electricity - total solar production","2005","Kilowatt-hours, million","193.3","1"
"Lao People's Dem. Rep.","Electricity - total solar production","2004","Kilowatt-hours, million","193.3","1"
"Lao People's Dem. Rep.","Electricity - total solar production","2003","Kilowatt-hours, million","193.3","1"
"Lao People's Dem. Rep.","Electricity - total solar production","2002","Kilowatt-hours, million","193.3","1"
"Lao People's Dem. Rep.","Electricity - total solar production","2001","Kilowatt-hours, million","193.3","1"
"Lao People's Dem. Rep.","Electricity - total solar production","2000","Kilowatt-hours, million","193.3","1"
"Liechtenstein","Electricity - total solar production","2014","Kilowatt-hours, million","15.6",""
"Liechtenstein","Electricity - total solar production","2013","Kilowatt-hours, million","12.7",""
"Liechtenstein","Electricity - total solar production","2012","Kilowatt-hours, million","8.7",""
"Liechtenstein","Electricity - total solar production","2011","Kilowatt-hours, million","6.2",""
"Liechtenstein","Electricity - total solar production","2010","Kilowatt-hours, million","2.8",""
"Liechtenstein","Electricity - total solar production","2009","Kilowatt-hours, million","0.9",""
"Liechtenstein","Electricity - total solar production","2008","Kilowatt-hours, million","0.3",""
"Liechtenstein","Electricity - total solar production","2007","Kilowatt-hours, million","0.3",""
"Lithuania","Electricity - total solar production","2014","Kilowatt-hours, million","73",""
"Lithuania","Electricity - total solar production","2013","Kilowatt-hours, million","45",""
"Lithuania","Electricity - total solar production","2012","Kilowatt-hours, million","2",""
"Luxembourg","Electricity - total solar production","2014","Kilowatt-hours, million","95",""
"Luxembourg","Electricity - total solar production","2013","Kilowatt-hours, million","74",""
"Luxembourg","Electricity - total solar production","2012","Kilowatt-hours, million","38",""
"Luxembourg","Electricity - total solar production","2011","Kilowatt-hours, million","26",""
"Luxembourg","Electricity - total solar production","2010","Kilowatt-hours, million","21",""
"Luxembourg","Electricity - total solar production","2009","Kilowatt-hours, million","20",""
"Luxembourg","Electricity - total solar production","2008","Kilowatt-hours, million","20",""
"Luxembourg","Electricity - total solar production","2007","Kilowatt-hours, million","21",""
"Luxembourg","Electricity - total solar production","2006","Kilowatt-hours, million","21",""
"Luxembourg","Electricity - total solar production","2005","Kilowatt-hours, million","18",""
"Luxembourg","Electricity - total solar production","2004","Kilowatt-hours, million","9",""
"Luxembourg","Electricity - total solar production","2003","Kilowatt-hours, million","1",""
"Madagascar","Electricity - total solar production","2014","Kilowatt-hours, million","1","1"
"Madagascar","Electricity - total solar production","2013","Kilowatt-hours, million","1","1"
"Madagascar","Electricity - total solar production","2012","Kilowatt-hours, million","0.008",""
"Madagascar","Electricity - total solar production","2011","Kilowatt-hours, million","0.008",""
"Madagascar","Electricity - total solar production","2010","Kilowatt-hours, million","0.008",""
"Madagascar","Electricity - total solar production","2009","Kilowatt-hours, million","0.006",""
"Madagascar","Electricity - total solar production","2008","Kilowatt-hours, million","0.0071",""
"Malaysia","Electricity - total solar production","2014","Kilowatt-hours, million","227",""
"Malaysia","Electricity - total solar production","2013","Kilowatt-hours, million","141",""
"Malaysia","Electricity - total solar production","2012","Kilowatt-hours, million","47.743",""
"Malaysia","Electricity - total solar production","2011","Kilowatt-hours, million","0.681",""
"Malaysia","Electricity - total solar production","2010","Kilowatt-hours, million","0.681",""
"Maldives","Electricity - total solar production","2014","Kilowatt-hours, million","2","1"
"Maldives","Electricity - total solar production","2013","Kilowatt-hours, million","2","1"
"Maldives","Electricity - total solar production","2012","Kilowatt-hours, million","1.8",""
"Maldives","Electricity - total solar production","2011","Kilowatt-hours, million","0.92",""
"Maldives","Electricity - total solar production","2010","Kilowatt-hours, million","0.81",""
"Malta","Electricity - total solar production","2014","Kilowatt-hours, million","68",""
"Malta","Electricity - total solar production","2013","Kilowatt-hours, million","29",""
"Malta","Electricity - total solar production","2012","Kilowatt-hours, million","30",""
"Malta","Electricity - total solar production","2011","Kilowatt-hours, million","13",""
"Malta","Electricity - total solar production","2010","Kilowatt-hours, million","1",""
"Malta","Electricity - total solar production","2009","Kilowatt-hours, million","0",""
"Malta","Electricity - total solar production","2008","Kilowatt-hours, million","0",""
"Malta","Electricity - total solar production","2007","Kilowatt-hours, million","0",""
"Marshall Islands","Electricity - total solar production","2014","Kilowatt-hours, million","0.2","1"
"Marshall Islands","Electricity - total solar production","2013","Kilowatt-hours, million","0.2",""
"Marshall Islands","Electricity - total solar production","2012","Kilowatt-hours, million","0.2","1"
"Martinique","Electricity - total solar production","2014","Kilowatt-hours, million","44","1"
"Martinique","Electricity - total solar production","2013","Kilowatt-hours, million","44","1"
"Martinique","Electricity - total solar production","2012","Kilowatt-hours, million","42.9","1"
"Martinique","Electricity - total solar production","2011","Kilowatt-hours, million","42.9","1"
"Martinique","Electricity - total solar production","2010","Kilowatt-hours, million","42.9","1"
"Martinique","Electricity - total solar production","2009","Kilowatt-hours, million","45.292","1"
"Martinique","Electricity - total solar production","2008","Kilowatt-hours, million","39.5",""
"Martinique","Electricity - total solar production","2007","Kilowatt-hours, million","35.105",""
"Martinique","Electricity - total solar production","2006","Kilowatt-hours, million","33.012",""
"Martinique","Electricity - total solar production","2005","Kilowatt-hours, million","33.802",""
"Martinique","Electricity - total solar production","2004","Kilowatt-hours, million","31.064",""
"Martinique","Electricity - total solar production","2003","Kilowatt-hours, million","28.326",""
"Martinique","Electricity - total solar production","2002","Kilowatt-hours, million","32.965",""
"Martinique","Electricity - total solar production","2001","Kilowatt-hours, million","29.523",""
"Martinique","Electricity - total solar production","2000","Kilowatt-hours, million","25.907",""
"Martinique","Electricity - total solar production","1999","Kilowatt-hours, million","22.291",""
"Martinique","Electricity - total solar production","1998","Kilowatt-hours, million","1.605",""
"Martinique","Electricity - total solar production","1997","Kilowatt-hours, million","0.774",""
"Mauritius","Electricity - total solar production","2014","Kilowatt-hours, million","24.6",""
"Mauritius","Electricity - total solar production","2013","Kilowatt-hours, million","2.7",""
"Mauritius","Electricity - total solar production","2012","Kilowatt-hours, million","0.9",""
"Mayotte","Electricity - total solar production","2014","Kilowatt-hours, million","16.6",""
"Mayotte","Electricity - total solar production","2013","Kilowatt-hours, million","16.8",""
"Mayotte","Electricity - total solar production","2012","Kilowatt-hours, million","15.4",""
"Mayotte","Electricity - total solar production","2011","Kilowatt-hours, million","13.9",""
"Mayotte","Electricity - total solar production","2010","Kilowatt-hours, million","6.1",""
"Mayotte","Electricity - total solar production","2009","Kilowatt-hours, million","1.3",""
"Mayotte","Electricity - total solar production","2008","Kilowatt-hours, million","0.23",""
"Mexico","Electricity - total solar production","2014","Kilowatt-hours, million","221",""
"Mexico","Electricity - total solar production","2013","Kilowatt-hours, million","106",""
"Mexico","Electricity - total solar production","2012","Kilowatt-hours, million","69",""
"Mexico","Electricity - total solar production","2011","Kilowatt-hours, million","41",""
"Mexico","Electricity - total solar production","2010","Kilowatt-hours, million","31",""
"Mexico","Electricity - total solar production","2009","Kilowatt-hours, million","27",""
"Mexico","Electricity - total solar production","2008","Kilowatt-hours, million","19",""
"Mexico","Electricity - total solar production","2007","Kilowatt-hours, million","9",""
"Mexico","Electricity - total solar production","2006","Kilowatt-hours, million","10",""
"Mexico","Electricity - total solar production","2005","Kilowatt-hours, million","9",""
"Mexico","Electricity - total solar production","2004","Kilowatt-hours, million","9",""
"Mexico","Electricity - total solar production","2003","Kilowatt-hours, million","8",""
"Mexico","Electricity - total solar production","2002","Kilowatt-hours, million","8",""
"Mexico","Electricity - total solar production","2001","Kilowatt-hours, million","8",""
"Mexico","Electricity - total solar production","2000","Kilowatt-hours, million","7",""
"Mexico","Electricity - total solar production","1999","Kilowatt-hours, million","7",""
"Mexico","Electricity - total solar production","1998","Kilowatt-hours, million","7",""
"Mexico","Electricity - total solar production","1997","Kilowatt-hours, million","6",""
"Mexico","Electricity - total solar production","1996","Kilowatt-hours, million","6",""
"Mexico","Electricity - total solar production","1995","Kilowatt-hours, million","5",""
"Mexico","Electricity - total solar production","1994","Kilowatt-hours, million","5",""
"Mexico","Electricity - total solar production","1993","Kilowatt-hours, million","4",""
"Mexico","Electricity - total solar production","1992","Kilowatt-hours, million","3",""
"Mexico","Electricity - total solar production","1991","Kilowatt-hours, million","2",""
"Mexico","Electricity - total solar production","1990","Kilowatt-hours, million","1",""
"Micronesia (Fed. States of)","Electricity - total solar production","2014","Kilowatt-hours, million","2","1"
"Micronesia (Fed. States of)","Electricity - total solar production","2013","Kilowatt-hours, million","2","1"
"Micronesia (Fed. States of)","Electricity - total solar production","2012","Kilowatt-hours, million","2","1"
"Micronesia (Fed. States of)","Electricity - total solar production","2011","Kilowatt-hours, million","2","1"
"Micronesia (Fed. States of)","Electricity - total solar production","2010","Kilowatt-hours, million","2","1"
"Micronesia (Fed. States of)","Electricity - total solar production","2009","Kilowatt-hours, million","1.3","1"
"Micronesia (Fed. States of)","Electricity - total solar production","2008","Kilowatt-hours, million","1.2","1"
"Micronesia (Fed. States of)","Electricity - total solar production","2007","Kilowatt-hours, million","1.2","1"
"Micronesia (Fed. States of)","Electricity - total solar production","2006","Kilowatt-hours, million","1.1","1"
"Micronesia (Fed. States of)","Electricity - total solar production","2005","Kilowatt-hours, million","1.1","1"
"Micronesia (Fed. States of)","Electricity - total solar production","2004","Kilowatt-hours, million","1.1","1"
"Micronesia (Fed. States of)","Electricity - total solar production","2003","Kilowatt-hours, million","0.6","1"
"Micronesia (Fed. States of)","Electricity - total solar production","2002","Kilowatt-hours, million","0.6","1"
"Micronesia (Fed. States of)","Electricity - total solar production","2001","Kilowatt-hours, million","0.3","1"
"Micronesia (Fed. States of)","Electricity - total solar production","2000","Kilowatt-hours, million","0.3","1"
"Micronesia (Fed. States of)","Electricity - total solar production","1999","Kilowatt-hours, million","0.2","1"
"Micronesia (Fed. States of)","Electricity - total solar production","1998","Kilowatt-hours, million","0.2","1"
"Montenegro","Electricity - total solar production","2014","Kilowatt-hours, million","2",""
"Mozambique","Electricity - total solar production","2014","Kilowatt-hours, million","1.2",""
"Nauru","Electricity - total solar production","2014","Kilowatt-hours, million","0.054",""
"Nauru","Electricity - total solar production","2013","Kilowatt-hours, million","0.1","1"
"Nauru","Electricity - total solar production","2012","Kilowatt-hours, million","0.1","1"
"Nauru","Electricity - total solar production","2011","Kilowatt-hours, million","0.1","1"
"Nauru","Electricity - total solar production","2010","Kilowatt-hours, million","0.1","1"
"Nauru","Electricity - total solar production","2009","Kilowatt-hours, million","0.1","1"
"Netherlands","Electricity - total solar production","2014","Kilowatt-hours, million","785",""
"Netherlands","Electricity - total solar production","2013","Kilowatt-hours, million","487",""
"Netherlands","Electricity - total solar production","2012","Kilowatt-hours, million","226",""
"Netherlands","Electricity - total solar production","2011","Kilowatt-hours, million","104",""
"Netherlands","Electricity - total solar production","2010","Kilowatt-hours, million","56",""
"Netherlands","Electricity - total solar production","2009","Kilowatt-hours, million","45",""
"Netherlands","Electricity - total solar production","2008","Kilowatt-hours, million","39",""
"Netherlands","Electricity - total solar production","2007","Kilowatt-hours, million","37",""
"Netherlands","Electricity - total solar production","2006","Kilowatt-hours, million","36",""
"Netherlands","Electricity - total solar production","2005","Kilowatt-hours, million","35",""
"Netherlands","Electricity - total solar production","2004","Kilowatt-hours, million","34",""
"Netherlands","Electricity - total solar production","2003","Kilowatt-hours, million","26",""
"Netherlands","Electricity - total solar production","2002","Kilowatt-hours, million","17",""
"Netherlands","Electricity - total solar production","2001","Kilowatt-hours, million","12",""
"Netherlands","Electricity - total solar production","2000","Kilowatt-hours, million","8",""
"Netherlands","Electricity - total solar production","1999","Kilowatt-hours, million","5",""
"Netherlands","Electricity - total solar production","1998","Kilowatt-hours, million","4",""
"Netherlands","Electricity - total solar production","1997","Kilowatt-hours, million","3",""
"Netherlands","Electricity - total solar production","1996","Kilowatt-hours, million","2",""
"Netherlands","Electricity - total solar production","1995","Kilowatt-hours, million","2",""
"Netherlands","Electricity - total solar production","1994","Kilowatt-hours, million","1",""
"Netherlands","Electricity - total solar production","1993","Kilowatt-hours, million","1",""
"Netherlands","Electricity - total solar production","1992","Kilowatt-hours, million","1",""
"Netherlands","Electricity - total solar production","1991","Kilowatt-hours, million","1",""
"New Caledonia","Electricity - total solar production","2014","Kilowatt-hours, million","4.54",""
"New Caledonia","Electricity - total solar production","2013","Kilowatt-hours, million","4.66",""
"New Caledonia","Electricity - total solar production","2012","Kilowatt-hours, million","4.8",""
"New Caledonia","Electricity - total solar production","2011","Kilowatt-hours, million","3.93",""
"New Caledonia","Electricity - total solar production","2010","Kilowatt-hours, million","3.35",""
"New Caledonia","Electricity - total solar production","2009","Kilowatt-hours, million","0.6",""
"New Caledonia","Electricity - total solar production","2008","Kilowatt-hours, million","0.6",""
"New Zealand","Electricity - total solar production","2014","Kilowatt-hours, million","16",""
"New Zealand","Electricity - total solar production","2013","Kilowatt-hours, million","7",""
"New Zealand","Electricity - total solar production","2012","Kilowatt-hours, million","5",""
"Niger","Electricity - total solar production","2014","Kilowatt-hours, million","0.005","1"
"Niger","Electricity - total solar production","2013","Kilowatt-hours, million","0.005","1"
"Niger","Electricity - total solar production","2012","Kilowatt-hours, million","0.005","1"
"Niger","Electricity - total solar production","2011","Kilowatt-hours, million","0.005","1"
"Niger","Electricity - total solar production","2010","Kilowatt-hours, million","0.003",""
"Niger","Electricity - total solar production","2009","Kilowatt-hours, million","0.003",""
"Niger","Electricity - total solar production","2008","Kilowatt-hours, million","0.003",""
"Niger","Electricity - total solar production","2007","Kilowatt-hours, million","0.002",""
"Niger","Electricity - total solar production","2006","Kilowatt-hours, million","0.002",""
"Niger","Electricity - total solar production","2005","Kilowatt-hours, million","0.002",""
"Niue","Electricity - total solar production","2014","Kilowatt-hours, million","0.0666666666666667",""
"Niue","Electricity - total solar production","2013","Kilowatt-hours, million","0.0666666666666667",""
"Niue","Electricity - total solar production","2012","Kilowatt-hours, million","0.0644444444444444",""
"Niue","Electricity - total solar production","2011","Kilowatt-hours, million","0.0686111111111111",""
"Niue","Electricity - total solar production","2010","Kilowatt-hours, million","0.0669444444444444",""
"Niue","Electricity - total solar production","2009","Kilowatt-hours, million","0",""
"Other Asia","Electricity - total solar production","2014","Kilowatt-hours, million","552",""
"Other Asia","Electricity - total solar production","2013","Kilowatt-hours, million","338",""
"Other Asia","Electricity - total solar production","2012","Kilowatt-hours, million","276",""
"Other Asia","Electricity - total solar production","2011","Kilowatt-hours, million","33",""
"Other Asia","Electricity - total solar production","2010","Kilowatt-hours, million","23",""
"Other Asia","Electricity - total solar production","2009","Kilowatt-hours, million","8",""
"Other Asia","Electricity - total solar production","2008","Kilowatt-hours, million","4",""
"Other Asia","Electricity - total solar production","2007","Kilowatt-hours, million","2",""
"Other Asia","Electricity - total solar production","2006","Kilowatt-hours, million","1",""
"Other Asia","Electricity - total solar production","2005","Kilowatt-hours, million","1",""
"Other Asia","Electricity - total solar production","2004","Kilowatt-hours, million","1",""
"Other Asia","Electricity - total solar production","2003","Kilowatt-hours, million","0",""
"Other Asia","Electricity - total solar production","2002","Kilowatt-hours, million","0",""
"Other Asia","Electricity - total solar production","2001","Kilowatt-hours, million","0",""
"Panama","Electricity - total solar production","2014","Kilowatt-hours, million","1.3",""
"Peru","Electricity - total solar production","2014","Kilowatt-hours, million","199",""
"Peru","Electricity - total solar production","2013","Kilowatt-hours, million","196.9",""
"Peru","Electricity - total solar production","2012","Kilowatt-hours, million","59.7",""
"Peru","Electricity - total solar production","2011","Kilowatt-hours, million","0",""
"Peru","Electricity - total solar production","2010","Kilowatt-hours, million","0",""
"Peru","Electricity - total solar production","2009","Kilowatt-hours, million","0",""
"Peru","Electricity - total solar production","2008","Kilowatt-hours, million","0",""
"Peru","Electricity - total solar production","2007","Kilowatt-hours, million","0",""
"Philippines","Electricity - total solar production","2014","Kilowatt-hours, million","16.5",""
"Philippines","Electricity - total solar production","2013","Kilowatt-hours, million","1.4",""
"Philippines","Electricity - total solar production","2012","Kilowatt-hours, million","1.3",""
"Philippines","Electricity - total solar production","2011","Kilowatt-hours, million","1.2",""
"Philippines","Electricity - total solar production","2010","Kilowatt-hours, million","1.3",""
"Philippines","Electricity - total solar production","2009","Kilowatt-hours, million","1.3",""
"Philippines","Electricity - total solar production","2008","Kilowatt-hours, million","1.3041",""
"Philippines","Electricity - total solar production","2007","Kilowatt-hours, million","1.3094",""
"Philippines","Electricity - total solar production","2006","Kilowatt-hours, million","1",""
"Poland","Electricity - total solar production","2014","Kilowatt-hours, million","7",""
"Poland","Electricity - total solar production","2013","Kilowatt-hours, million","1",""
"Poland","Electricity - total solar production","2012","Kilowatt-hours, million","1",""
"Portugal","Electricity - total solar production","2014","Kilowatt-hours, million","627",""
"Portugal","Electricity - total solar production","2013","Kilowatt-hours, million","479",""
"Portugal","Electricity - total solar production","2012","Kilowatt-hours, million","393",""
"Portugal","Electricity - total solar production","2011","Kilowatt-hours, million","280",""
"Portugal","Electricity - total solar production","2010","Kilowatt-hours, million","211",""
"Portugal","Electricity - total solar production","2009","Kilowatt-hours, million","160",""
"Portugal","Electricity - total solar production","2008","Kilowatt-hours, million","38",""
"Portugal","Electricity - total solar production","2007","Kilowatt-hours, million","24",""
"Portugal","Electricity - total solar production","2006","Kilowatt-hours, million","5",""
"Portugal","Electricity - total solar production","2005","Kilowatt-hours, million","3",""
"Portugal","Electricity - total solar production","2004","Kilowatt-hours, million","3",""
"Portugal","Electricity - total solar production","2003","Kilowatt-hours, million","3",""
"Portugal","Electricity - total solar production","2002","Kilowatt-hours, million","2",""
"Portugal","Electricity - total solar production","2001","Kilowatt-hours, million","1",""
"Portugal","Electricity - total solar production","2000","Kilowatt-hours, million","1",""
"Portugal","Electricity - total solar production","1999","Kilowatt-hours, million","1",""
"Portugal","Electricity - total solar production","1998","Kilowatt-hours, million","1",""
"Portugal","Electricity - total solar production","1997","Kilowatt-hours, million","1",""
"Portugal","Electricity - total solar production","1996","Kilowatt-hours, million","1",""
"Portugal","Electricity - total solar production","1995","Kilowatt-hours, million","1",""
"Portugal","Electricity - total solar production","1994","Kilowatt-hours, million","1",""
"Portugal","Electricity - total solar production","1993","Kilowatt-hours, million","1",""
"Portugal","Electricity - total solar production","1992","Kilowatt-hours, million","1",""
"Portugal","Electricity - total solar production","1991","Kilowatt-hours, million","1",""
"Portugal","Electricity - total solar production","1990","Kilowatt-hours, million","1",""
"Puerto Rico","Electricity - total solar production","2014","Kilowatt-hours, million","47.5",""
"Puerto Rico","Electricity - total solar production","2013","Kilowatt-hours, million","25.6",""
"Puerto Rico","Electricity - total solar production","2012","Kilowatt-hours, million","2.1",""
"Republic of Moldova","Electricity - total solar production","2014","Kilowatt-hours, million","1",""
"Runion","Electricity - total solar production","2014","Kilowatt-hours, million","235.9",""
"Runion","Electricity - total solar production","2013","Kilowatt-hours, million","224.2",""
"Runion","Electricity - total solar production","2012","Kilowatt-hours, million","190.7",""
"Runion","Electricity - total solar production","2011","Kilowatt-hours, million","141.9",""
"Runion","Electricity - total solar production","2010","Kilowatt-hours, million","76.1",""
"Runion","Electricity - total solar production","2009","Kilowatt-hours, million","21.1",""
"Runion","Electricity - total solar production","2008","Kilowatt-hours, million","6","1"
"Runion","Electricity - total solar production","2007","Kilowatt-hours, million","5","1"
"Runion","Electricity - total solar production","2006","Kilowatt-hours, million","2","1"
"Runion","Electricity - total solar production","2005","Kilowatt-hours, million","0.6",""
"Runion","Electricity - total solar production","2004","Kilowatt-hours, million","0.08",""
"Romania","Electricity - total solar production","2014","Kilowatt-hours, million","1616",""
"Romania","Electricity - total solar production","2013","Kilowatt-hours, million","420",""
"Romania","Electricity - total solar production","2012","Kilowatt-hours, million","8",""
"Romania","Electricity - total solar production","2011","Kilowatt-hours, million","1",""
"Romania","Electricity - total solar production","2010","Kilowatt-hours, million","0",""
"Romania","Electricity - total solar production","2009","Kilowatt-hours, million","0",""
"Romania","Electricity - total solar production","2008","Kilowatt-hours, million","0",""
"Romania","Electricity - total solar production","2007","Kilowatt-hours, million","0",""
"Russian Federation","Electricity - total solar production","2014","Kilowatt-hours, million","160",""
"Rwanda","Electricity - total solar production","2014","Kilowatt-hours, million","0.3",""
"Rwanda","Electricity - total solar production","2013","Kilowatt-hours, million","0.1",""
"Rwanda","Electricity - total solar production","2012","Kilowatt-hours, million","0.3",""
"Rwanda","Electricity - total solar production","2011","Kilowatt-hours, million","0.3",""
"Rwanda","Electricity - total solar production","2010","Kilowatt-hours, million","0.3",""
"Rwanda","Electricity - total solar production","2009","Kilowatt-hours, million","0.4",""
"Rwanda","Electricity - total solar production","2008","Kilowatt-hours, million","0.3",""
"Rwanda","Electricity - total solar production","2007","Kilowatt-hours, million","0.12",""
"Rwanda","Electricity - total solar production","2006","Kilowatt-hours, million","0",""
"Rwanda","Electricity - total solar production","2005","Kilowatt-hours, million","0",""
"Rwanda","Electricity - total solar production","2004","Kilowatt-hours, million","0",""
"Rwanda","Electricity - total solar production","2003","Kilowatt-hours, million","0",""
"Rwanda","Electricity - total solar production","2002","Kilowatt-hours, million","0",""
"Saudi Arabia","Electricity - total solar production","2014","Kilowatt-hours, million","1",""
"Saudi Arabia","Electricity - total solar production","2013","Kilowatt-hours, million","1",""
"Saudi Arabia","Electricity - total solar production","2012","Kilowatt-hours, million","1",""
"Saudi Arabia","Electricity - total solar production","2011","Kilowatt-hours, million","0",""
"Saudi Arabia","Electricity - total solar production","2010","Kilowatt-hours, million","0",""
"Saudi Arabia","Electricity - total solar production","2009","Kilowatt-hours, million","0",""
"Saudi Arabia","Electricity - total solar production","2008","Kilowatt-hours, million","0",""
"Saudi Arabia","Electricity - total solar production","2007","Kilowatt-hours, million","0",""
"Senegal","Electricity - total solar production","2014","Kilowatt-hours, million","4",""
"Senegal","Electricity - total solar production","2013","Kilowatt-hours, million","4",""
"Senegal","Electricity - total solar production","2007","Kilowatt-hours, million","0",""
"Senegal","Electricity - total solar production","2006","Kilowatt-hours, million","4",""
"Senegal","Electricity - total solar production","2005","Kilowatt-hours, million","4",""
"Senegal","Electricity - total solar production","2004","Kilowatt-hours, million","3",""
"Senegal","Electricity - total solar production","2003","Kilowatt-hours, million","2",""
"Senegal","Electricity - total solar production","2002","Kilowatt-hours, million","2",""
"Senegal","Electricity - total solar production","2001","Kilowatt-hours, million","2",""
"Senegal","Electricity - total solar production","2000","Kilowatt-hours, million","2",""
"Serbia","Electricity - total solar production","2014","Kilowatt-hours, million","6",""
"Seychelles","Electricity - total solar production","2014","Kilowatt-hours, million","0.71",""
"Slovakia","Electricity - total solar production","2014","Kilowatt-hours, million","597",""
"Slovakia","Electricity - total solar production","2013","Kilowatt-hours, million","588",""
"Slovakia","Electricity - total solar production","2012","Kilowatt-hours, million","424",""
"Slovakia","Electricity - total solar production","2011","Kilowatt-hours, million","397",""
"Slovakia","Electricity - total solar production","2010","Kilowatt-hours, million","17",""
"Slovenia","Electricity - total solar production","2014","Kilowatt-hours, million","257",""
"Slovenia","Electricity - total solar production","2013","Kilowatt-hours, million","215",""
"Slovenia","Electricity - total solar production","2012","Kilowatt-hours, million","163",""
"Slovenia","Electricity - total solar production","2011","Kilowatt-hours, million","65",""
"Slovenia","Electricity - total solar production","2010","Kilowatt-hours, million","13",""
"Slovenia","Electricity - total solar production","2009","Kilowatt-hours, million","4",""
"Slovenia","Electricity - total solar production","2008","Kilowatt-hours, million","1",""
"Slovenia","Electricity - total solar production","2007","Kilowatt-hours, million","0",""
"South Africa","Electricity - total solar production","2014","Kilowatt-hours, million","1120",""
"South Africa","Electricity - total solar production","2013","Kilowatt-hours, million","243",""
"South Africa","Electricity - total solar production","2012","Kilowatt-hours, million","39",""
"South Africa","Electricity - total solar production","2011","Kilowatt-hours, million","1",""
"South Africa","Electricity - total solar production","2010","Kilowatt-hours, million","7",""
"South Africa","Electricity - total solar production","2009","Kilowatt-hours, million","21",""
"South Africa","Electricity - total solar production","2008","Kilowatt-hours, million","21",""
"South Africa","Electricity - total solar production","2007","Kilowatt-hours, million","21",""
"South Africa","Electricity - total solar production","2006","Kilowatt-hours, million","21",""
"South Africa","Electricity - total solar production","2005","Kilowatt-hours, million","21",""
"South Africa","Electricity - total solar production","2004","Kilowatt-hours, million","21",""
"South Africa","Electricity - total solar production","2003","Kilowatt-hours, million","21",""
"South Africa","Electricity - total solar production","2002","Kilowatt-hours, million","21",""
"South Africa","Electricity - total solar production","2001","Kilowatt-hours, million","0",""
"South Sudan","Electricity - total solar production","2014","Kilowatt-hours, million","2",""
"South Sudan","Electricity - total solar production","2013","Kilowatt-hours, million","2",""
"South Sudan","Electricity - total solar production","2012","Kilowatt-hours, million","2",""
"Spain","Electricity - total solar production","2014","Kilowatt-hours, million","13673",""
"Spain","Electricity - total solar production","2013","Kilowatt-hours, million","13097",""
"Spain","Electricity - total solar production","2012","Kilowatt-hours, million","11968",""
"Spain","Electricity - total solar production","2011","Kilowatt-hours, million","9400",""
"Spain","Electricity - total solar production","2010","Kilowatt-hours, million","7186",""
"Spain","Electricity - total solar production","2009","Kilowatt-hours, million","6064",""
"Spain","Electricity - total solar production","2008","Kilowatt-hours, million","2578",""
"Spain","Electricity - total solar production","2007","Kilowatt-hours, million","508",""
"Spain","Electricity - total solar production","2006","Kilowatt-hours, million","119",""
"Spain","Electricity - total solar production","2005","Kilowatt-hours, million","41",""
"Spain","Electricity - total solar production","2004","Kilowatt-hours, million","56",""
"Spain","Electricity - total solar production","2003","Kilowatt-hours, million","41",""
"Spain","Electricity - total solar production","2002","Kilowatt-hours, million","30",""
"Spain","Electricity - total solar production","2001","Kilowatt-hours, million","24",""
"Spain","Electricity - total solar production","2000","Kilowatt-hours, million","18",""
"Spain","Electricity - total solar production","1999","Kilowatt-hours, million","17",""
"Spain","Electricity - total solar production","1998","Kilowatt-hours, million","15",""
"Spain","Electricity - total solar production","1997","Kilowatt-hours, million","13",""
"Spain","Electricity - total solar production","1996","Kilowatt-hours, million","12",""
"Spain","Electricity - total solar production","1995","Kilowatt-hours, million","15",""
"Spain","Electricity - total solar production","1994","Kilowatt-hours, million","10",""
"Spain","Electricity - total solar production","1993","Kilowatt-hours, million","9",""
"Spain","Electricity - total solar production","1992","Kilowatt-hours, million","8",""
"Spain","Electricity - total solar production","1991","Kilowatt-hours, million","7",""
"Spain","Electricity - total solar production","1990","Kilowatt-hours, million","6",""
"Sri Lanka","Electricity - total solar production","2014","Kilowatt-hours, million","9.47","1"
"Sri Lanka","Electricity - total solar production","2013","Kilowatt-hours, million","9.681","1"
"Sri Lanka","Electricity - total solar production","2012","Kilowatt-hours, million","9.6",""
"Sri Lanka","Electricity - total solar production","2011","Kilowatt-hours, million","8.7",""
"Sri Lanka","Electricity - total solar production","2010","Kilowatt-hours, million","7.203",""
"Sri Lanka","Electricity - total solar production","2009","Kilowatt-hours, million","6.804",""
"Sri Lanka","Electricity - total solar production","2008","Kilowatt-hours, million","6.4",""
"Sri Lanka","Electricity - total solar production","2007","Kilowatt-hours, million","6.01",""
"Sri Lanka","Electricity - total solar production","2006","Kilowatt-hours, million","5.41",""
"Sri Lanka","Electricity - total solar production","2005","Kilowatt-hours, million","4.61",""
"Sri Lanka","Electricity - total solar production","2004","Kilowatt-hours, million","3.52",""
"Sri Lanka","Electricity - total solar production","2003","Kilowatt-hours, million","2.42",""
"Sri Lanka","Electricity - total solar production","2002","Kilowatt-hours, million","1.52",""
"Sri Lanka","Electricity - total solar production","2001","Kilowatt-hours, million","0.9",""
"Sri Lanka","Electricity - total solar production","2000","Kilowatt-hours, million","0.4",""
"St. Helena and Depend.","Electricity - total solar production","2014","Kilowatt-hours, million","0.07","1"
"St. Helena and Depend.","Electricity - total solar production","2013","Kilowatt-hours, million","0.07",""
"St. Helena and Depend.","Electricity - total solar production","2012","Kilowatt-hours, million","0.01",""
"St. Kitts-Nevis","Electricity - total solar production","2014","Kilowatt-hours, million","1","1"
"St. Kitts-Nevis","Electricity - total solar production","2013","Kilowatt-hours, million","1","1"
"St. Kitts-Nevis","Electricity - total solar production","2012","Kilowatt-hours, million","0",""
"Sweden","Electricity - total solar production","2014","Kilowatt-hours, million","47",""
"Sweden","Electricity - total solar production","2013","Kilowatt-hours, million","35",""
"Sweden","Electricity - total solar production","2012","Kilowatt-hours, million","19",""
"Sweden","Electricity - total solar production","2011","Kilowatt-hours, million","11",""
"Sweden","Electricity - total solar production","2010","Kilowatt-hours, million","9",""
"Sweden","Electricity - total solar production","2009","Kilowatt-hours, million","7",""
"Sweden","Electricity - total solar production","2008","Kilowatt-hours, million","4",""
"Sweden","Electricity - total solar production","2007","Kilowatt-hours, million","3",""
"Sweden","Electricity - total solar production","2006","Kilowatt-hours, million","2",""
"Sweden","Electricity - total solar production","2005","Kilowatt-hours, million","2",""
"Sweden","Electricity - total solar production","2004","Kilowatt-hours, million","2",""
"Sweden","Electricity - total solar production","2003","Kilowatt-hours, million","2",""
"Sweden","Electricity - total solar production","2002","Kilowatt-hours, million","2",""
"Sweden","Electricity - total solar production","2001","Kilowatt-hours, million","2",""
"Sweden","Electricity - total solar production","2000","Kilowatt-hours, million","1",""
"Sweden","Electricity - total solar production","1999","Kilowatt-hours, million","1",""
"Sweden","Electricity - total solar production","1998","Kilowatt-hours, million","1",""
"Sweden","Electricity - total solar production","1997","Kilowatt-hours, million","1",""
"Sweden","Electricity - total solar production","1996","Kilowatt-hours, million","1",""
"Sweden","Electricity - total solar production","1995","Kilowatt-hours, million","1",""
"Sweden","Electricity - total solar production","1994","Kilowatt-hours, million","1",""
"Sweden","Electricity - total solar production","1993","Kilowatt-hours, million","1",""
"Switzerland","Electricity - total solar production","2014","Kilowatt-hours, million","842",""
"Switzerland","Electricity - total solar production","2013","Kilowatt-hours, million","544",""
"Switzerland","Electricity - total solar production","2012","Kilowatt-hours, million","320",""
"Switzerland","Electricity - total solar production","2011","Kilowatt-hours, million","149",""
"Switzerland","Electricity - total solar production","2010","Kilowatt-hours, million","83",""
"Switzerland","Electricity - total solar production","2009","Kilowatt-hours, million","50",""
"Switzerland","Electricity - total solar production","2008","Kilowatt-hours, million","34",""
"Switzerland","Electricity - total solar production","2007","Kilowatt-hours, million","27",""
"Switzerland","Electricity - total solar production","2006","Kilowatt-hours, million","23",""
"Switzerland","Electricity - total solar production","2005","Kilowatt-hours, million","19",""
"Switzerland","Electricity - total solar production","2004","Kilowatt-hours, million","17",""
"Switzerland","Electricity - total solar production","2003","Kilowatt-hours, million","17",""
"Switzerland","Electricity - total solar production","2002","Kilowatt-hours, million","14",""
"Switzerland","Electricity - total solar production","2001","Kilowatt-hours, million","12",""
"Switzerland","Electricity - total solar production","2000","Kilowatt-hours, million","11",""
"Switzerland","Electricity - total solar production","1999","Kilowatt-hours, million","9",""
"Switzerland","Electricity - total solar production","1998","Kilowatt-hours, million","8",""
"Switzerland","Electricity - total solar production","1997","Kilowatt-hours, million","8",""
"Switzerland","Electricity - total solar production","1996","Kilowatt-hours, million","6",""
"Switzerland","Electricity - total solar production","1995","Kilowatt-hours, million","5",""
"Switzerland","Electricity - total solar production","1994","Kilowatt-hours, million","5",""
"Switzerland","Electricity - total solar production","1993","Kilowatt-hours, million","4",""
"Switzerland","Electricity - total solar production","1992","Kilowatt-hours, million","3",""
"Switzerland","Electricity - total solar production","1991","Kilowatt-hours, million","2",""
"Switzerland","Electricity - total solar production","1990","Kilowatt-hours, million","1",""
"T.F.Yug.Rep. Macedonia","Electricity - total solar production","2014","Kilowatt-hours, million","14.383",""
"T.F.Yug.Rep. Macedonia","Electricity - total solar production","2013","Kilowatt-hours, million","9.051",""
"T.F.Yug.Rep. Macedonia","Electricity - total solar production","2012","Kilowatt-hours, million","3",""
"T.F.Yug.Rep. Macedonia","Electricity - total solar production","2011","Kilowatt-hours, million","1",""
"Thailand","Electricity - total solar production","2014","Kilowatt-hours, million","1385",""
"Thailand","Electricity - total solar production","2013","Kilowatt-hours, million","1080",""
"Thailand","Electricity - total solar production","2012","Kilowatt-hours, million","23","1"
"Thailand","Electricity - total solar production","2011","Kilowatt-hours, million","23","1"
"Thailand","Electricity - total solar production","2010","Kilowatt-hours, million","23",""
"Thailand","Electricity - total solar production","2009","Kilowatt-hours, million","9",""
"Thailand","Electricity - total solar production","2008","Kilowatt-hours, million","3",""
"Thailand","Electricity - total solar production","2007","Kilowatt-hours, million","1",""
"Tonga","Electricity - total solar production","2014","Kilowatt-hours, million","2.498","1"
"Tonga","Electricity - total solar production","2013","Kilowatt-hours, million","2.05","1"
"Tunisia","Electricity - total solar production","2014","Kilowatt-hours, million","25",""
"Tunisia","Electricity - total solar production","2013","Kilowatt-hours, million","11.62",""
"Tunisia","Electricity - total solar production","2012","Kilowatt-hours, million","3.4",""
"Tunisia","Electricity - total solar production","2011","Kilowatt-hours, million","1.5",""
"Tunisia","Electricity - total solar production","2010","Kilowatt-hours, million","0.2",""
"Turkey","Electricity - total solar production","2014","Kilowatt-hours, million","17",""
"Ukraine","Electricity - total solar production","2014","Kilowatt-hours, million","429",""
"Ukraine","Electricity - total solar production","2013","Kilowatt-hours, million","570",""
"Ukraine","Electricity - total solar production","2012","Kilowatt-hours, million","333",""
"Ukraine","Electricity - total solar production","2011","Kilowatt-hours, million","30",""
"Ukraine","Electricity - total solar production","2010","Kilowatt-hours, million","1",""
"United Kingdom","Electricity - total solar production","2014","Kilowatt-hours, million","4050",""
"United Kingdom","Electricity - total solar production","2013","Kilowatt-hours, million","1989",""
"United Kingdom","Electricity - total solar production","2012","Kilowatt-hours, million","1352",""
"United Kingdom","Electricity - total solar production","2011","Kilowatt-hours, million","244",""
"United Kingdom","Electricity - total solar production","2010","Kilowatt-hours, million","41",""
"United Kingdom","Electricity - total solar production","2009","Kilowatt-hours, million","20",""
"United Kingdom","Electricity - total solar production","2008","Kilowatt-hours, million","17",""
"United Kingdom","Electricity - total solar production","2007","Kilowatt-hours, million","14",""
"United Kingdom","Electricity - total solar production","2006","Kilowatt-hours, million","11",""
"United Kingdom","Electricity - total solar production","2005","Kilowatt-hours, million","8",""
"United Kingdom","Electricity - total solar production","2004","Kilowatt-hours, million","4",""
"United Kingdom","Electricity - total solar production","2003","Kilowatt-hours, million","3",""
"United Kingdom","Electricity - total solar production","2002","Kilowatt-hours, million","3",""
"United Kingdom","Electricity - total solar production","2001","Kilowatt-hours, million","2",""
"United Kingdom","Electricity - total solar production","2000","Kilowatt-hours, million","1",""
"United Kingdom","Electricity - total solar production","1999","Kilowatt-hours, million","1",""
"United Rep. of Tanzania","Electricity - total solar production","2014","Kilowatt-hours, million","18",""
"United Rep. of Tanzania","Electricity - total solar production","2013","Kilowatt-hours, million","15",""
"United Rep. of Tanzania","Electricity - total solar production","2012","Kilowatt-hours, million","13",""
"United Rep. of Tanzania","Electricity - total solar production","2011","Kilowatt-hours, million","9",""
"United Rep. of Tanzania","Electricity - total solar production","2010","Kilowatt-hours, million","7",""
"United Rep. of Tanzania","Electricity - total solar production","2009","Kilowatt-hours, million","5",""
"United Rep. of Tanzania","Electricity - total solar production","2008","Kilowatt-hours, million","3",""
"United States","Electricity - total solar production","2014","Kilowatt-hours, million","24603",""
"United States","Electricity - total solar production","2013","Kilowatt-hours, million","15872",""
"United States","Electricity - total solar production","2012","Kilowatt-hours, million","10145",""
"United States","Electricity - total solar production","2011","Kilowatt-hours, million","6153",""
"United States","Electricity - total solar production","2010","Kilowatt-hours, million","3934",""
"United States","Electricity - total solar production","2009","Kilowatt-hours, million","2514",""
"United States","Electricity - total solar production","2008","Kilowatt-hours, million","2091",""
"United States","Electricity - total solar production","2007","Kilowatt-hours, million","1673",""
"United States","Electricity - total solar production","2006","Kilowatt-hours, million","1287",""
"United States","Electricity - total solar production","2005","Kilowatt-hours, million","1120",""
"United States","Electricity - total solar production","2004","Kilowatt-hours, million","965",""
"United States","Electricity - total solar production","2003","Kilowatt-hours, million","848",""
"United States","Electricity - total solar production","2002","Kilowatt-hours, million","830",""
"United States","Electricity - total solar production","2001","Kilowatt-hours, million","785",""
"United States","Electricity - total solar production","2000","Kilowatt-hours, million","709",""
"United States","Electricity - total solar production","1999","Kilowatt-hours, million","689",""
"United States","Electricity - total solar production","1998","Kilowatt-hours, million","890",""
"United States","Electricity - total solar production","1997","Kilowatt-hours, million","897",""
"United States","Electricity - total solar production","1996","Kilowatt-hours, million","906",""
"United States","Electricity - total solar production","1995","Kilowatt-hours, million","828",""
"United States","Electricity - total solar production","1994","Kilowatt-hours, million","828",""
"United States","Electricity - total solar production","1993","Kilowatt-hours, million","901",""
"United States","Electricity - total solar production","1992","Kilowatt-hours, million","749",""
"United States","Electricity - total solar production","1991","Kilowatt-hours, million","782",""
"United States","Electricity - total solar production","1990","Kilowatt-hours, million","666",""
"United States Virgin Is.","Electricity - total solar production","2014","Kilowatt-hours, million","5.913","1"
"United States Virgin Is.","Electricity - total solar production","2013","Kilowatt-hours, million","0.657","1"
"United States Virgin Is.","Electricity - total solar production","2012","Kilowatt-hours, million","0.657","1"
"United States Virgin Is.","Electricity - total solar production","2011","Kilowatt-hours, million","0.657","1"
"Uruguay","Electricity - total solar production","2014","Kilowatt-hours, million","3.4",""
"Vanuatu","Electricity - total solar production","2014","Kilowatt-hours, million","0.2","1"
"Vanuatu","Electricity - total solar production","2013","Kilowatt-hours, million","0.2","1"
"Vanuatu","Electricity - total solar production","2012","Kilowatt-hours, million","0.2",""
"Vanuatu","Electricity - total solar production","2011","Kilowatt-hours, million","0.1","1"

"fnSeqID","Footnote"
"1","Estimate"
